{
  "board type": "L18-24-R3",
  "board name": "L18-24-R3",
  "board description": "Tileboard for HGCAL Layers 18-24, Radius index 3",
  "board id": -1,
  "detectors": {
    "0": {
      "mode": -1,
      "channel": 0,
      "default coordinates": [
        48.76858907978024,
        14.89746248278243
      ]
    },
    "1": {
      "mode": -1,
      "channel": 1,
      "default coordinates": [
        97.33628304370617,
        18.08075732612906
      ]
    },
    "2": {
      "mode": -1,
      "channel": 2,
      "default coordinates": [
        145.96186242271565,
        20.20379597128931
      ]
    },
    "3": {
      "mode": -1,
      "channel": 3,
      "default coordinates": [
        194.6221840745773,
        21.26556796685145
      ]
    },
    "4": {
      "mode": -1,
      "channel": 4,
      "default coordinates": [
        243.29408832161897,
        21.26556796685145
      ]
    },
    "5": {
      "mode": -1,
      "channel": 5,
      "default coordinates": [
        291.9544099734806,
        20.20379597128931
      ]
    },
    "6": {
      "mode": -1,
      "channel": 6,
      "default coordinates": [
        340.5799893524901,
        18.08075732612906
      ]
    },
    "7": {
      "mode": -1,
      "channel": 7,
      "default coordinates": [
        389.1476833164155,
        14.89746248278243
      ]
    },
    "8": {
      "mode": -1,
      "channel": 8,
      "default coordinates": [
        45.030674329086565,
        63.754682965701704
      ]
    },
    "9": {
      "mode": -1,
      "channel": 9,
      "default coordinates": [
        94.66507246344388,
        67.00789329417739
      ]
    },
    "10": {
      "mode": -1,
      "channel": 10,
      "default coordinates": [
        144.35862736444864,
        69.17756075763145
      ]
    },
    "11": {
      "mode": -1,
      "channel": 11,
      "default coordinates": [
        194.08768759136237,
        70.26265271185912
      ]
    },
    "12": {
      "mode": -1,
      "channel": 12,
      "default coordinates": [
        243.82858480483392,
        70.26265271185912
      ]
    },
    "13": {
      "mode": -1,
      "channel": 13,
      "default coordinates": [
        293.55764503174765,
        69.17756075763145
      ]
    },
    "14": {
      "mode": -1,
      "channel": 14,
      "default coordinates": [
        343.2511999327524,
        67.00789329417739
      ]
    },
    "15": {
      "mode": -1,
      "channel": 15,
      "default coordinates": [
        392.8855980671092,
        63.754682965701704
      ]
    },
    "16": {
      "mode": -1,
      "channel": 16,
      "default coordinates": [
        41.17833361663696,
        114.10753264707728
      ]
    },
    "17": {
      "mode": -1,
      "channel": 17,
      "default coordinates": [
        91.91209013072456,
        117.43279873063557
      ]
    },
    "18": {
      "mode": -1,
      "channel": 18,
      "default coordinates": [
        142.70631368194893,
        119.65052242518777
      ]
    },
    "19": {
      "mode": -1,
      "channel": 19,
      "default coordinates": [
        193.53682897090616,
        120.75964821436673
      ]
    },
    "20": {
      "mode": -1,
      "channel": 20,
      "default coordinates": [
        244.37944342529013,
        120.75964821436673
      ]
    },
    "21": {
      "mode": -1,
      "channel": 21,
      "default coordinates": [
        295.20995871424736,
        119.65052242518777
      ]
    },
    "22": {
      "mode": -1,
      "channel": 22,
      "default coordinates": [
        346.00418226547174,
        117.43279873063557
      ]
    },
    "23": {
      "mode": -1,
      "channel": 23,
      "default coordinates": [
        396.7379387795588,
        114.10753264707728
      ]
    },
    "24": {
      "mode": -1,
      "channel": 24,
      "default coordinates": [
        37.249708929683436,
        165.4574684607569
      ]
    },
    "25": {
      "mode": -1,
      "channel": 25,
      "default coordinates": [
        89.10459329636726,
        168.8562171460335
      ]
    },
    "26": {
      "mode": -1,
      "channel": 26,
      "default coordinates": [
        141.02128091662746,
        171.12294868022082
      ]
    },
    "27": {
      "mode": -1,
      "channel": 27,
      "default coordinates": [
        192.97506225895577,
        172.25658422187416
      ]
    },
    "28": {
      "mode": -1,
      "channel": 28,
      "default coordinates": [
        244.94121013724055,
        172.25658422187416
      ]
    },
    "29": {
      "mode": -1,
      "channel": 29,
      "default coordinates": [
        296.89499147956883,
        171.12294868022082
      ]
    },
    "30": {
      "mode": -1,
      "channel": 30,
      "default coordinates": [
        348.81167909982906,
        168.8562171460335
      ]
    },
    "31": {
      "mode": -1,
      "channel": 31,
      "default coordinates": [
        400.66656346651234,
        165.4574684607569
      ]
    },
    "32": {
      "mode": -1,
      "channel": 32,
      "default coordinates": [
        33.24480026822593,
        217.80449040674148
      ]
    },
    "33": {
      "mode": -1,
      "channel": 33,
      "default coordinates": [
        86.24258196037192,
        221.2781485403707
      ]
    },
    "34": {
      "mode": -1,
      "channel": 34,
      "default coordinates": [
        139.30352906848424,
        223.59483952272967
      ]
    },
    "35": {
      "mode": -1,
      "channel": 35,
      "default coordinates": [
        192.4023874555112,
        224.75346073438232
      ]
    },
    "36": {
      "mode": -1,
      "channel": 36,
      "default coordinates": [
        245.5138849406851,
        224.75346073438232
      ]
    },
    "37": {
      "mode": -1,
      "channel": 37,
      "default coordinates": [
        298.6127433277121,
        223.59483952272967
      ]
    },
    "38": {
      "mode": -1,
      "channel": 38,
      "default coordinates": [
        351.67369043582437,
        221.2781485403707
      ]
    },
    "39": {
      "mode": -1,
      "channel": 39,
      "default coordinates": [
        404.6714721279698,
        217.80449040674148
      ]
    },
    "40": {
      "mode": -1,
      "channel": 40,
      "default coordinates": [
        29.163607632264473,
        271.14859848503056
      ]
    },
    "41": {
      "mode": -1,
      "channel": 41,
      "default coordinates": [
        83.32605612273858,
        274.6985929136481
      ]
    },
    "42": {
      "mode": -1,
      "channel": 42,
      "default coordinates": [
        137.5530581375192,
        277.06619495271525
      ]
    },
    "43": {
      "mode": -1,
      "channel": 43,
      "default coordinates": [
        191.81880456057243,
        278.2502777518903
      ]
    },
    "44": {
      "mode": -1,
      "channel": 44,
      "default coordinates": [
        246.09746783562386,
        278.2502777518903
      ]
    },
    "45": {
      "mode": -1,
      "channel": 45,
      "default coordinates": [
        300.3632142586771,
        277.06619495271525
      ]
    },
    "46": {
      "mode": -1,
      "channel": 46,
      "default coordinates": [
        354.5902162734577,
        274.6985929136481
      ]
    },
    "47": {
      "mode": -1,
      "channel": 47,
      "default coordinates": [
        408.75266476393125,
        271.14859848503056
      ]
    },
    "48": {
      "mode": -1,
      "channel": 48,
      "default coordinates": [
        24.967989034547088,
        325.9883357617764
      ]
    },
    "49": {
      "mode": -1,
      "channel": 49,
      "default coordinates": [
        80.32775853264823,
        329.61680675533535
      ]
    },
    "50": {
      "mode": -1,
      "channel": 50,
      "default coordinates": [
        135.75350858232153,
        332.03674726391546
      ]
    },
    "51": {
      "mode": -1,
      "channel": 51,